# scheme|source|filename-or-destination|destination|revision(optional)
hf|Comfy-Org/MiniMax-H3|diffusion_models/minimax_h3_ref2va_pruned_int8_convrot.safetensors|diffusion_models/minimax_h3_ref2va_pruned_int8_convrot.safetensors|
hf|Comfy-Org/MiniMax-H3|diffusion_models/minimax_h3_fl2va_pruned_int8_convrot.safetensors|diffusion_models/minimax_h3_fl2va_pruned_int8_convrot.safetensors|
hf|Comfy-Org/MiniMax-H3|text_encoders/qwen3vl_32b_minimax_h3_nvfp4_awq.safetensors|text_encoders/qwen3vl_32b_minimax_h3_nvfp4_awq.safetensors|
hf|Comfy-Org/MiniMax-H3|vae/minimax_h3_video_vae_fp16.safetensors|vae/minimax_h3_video_vae_fp16.safetensors|
hf|Kijai/MiniMax-H3-experimental|minimax_h3_video_vae_int8_convrot.safetensors|vae/minimax_h3_video_vae_int8_convrot.safetensors|
hf|Comfy-Org/MiniMax-H3|vae/minimax_h3_audio_vae_fp32.safetensors|vae/minimax_h3_audio_vae_fp32.safetensors|
hf|LBH-123-AI/Minimax_h3_latent_Upscaler|minimax_h3_latent_upscaler_3d_conv_v1/minimax_h3_latent_upscaler_3d_conv_v1_fp16.safetensors|latent_upscale_models/minimax_h3_latent_upscaler_3d_conv_v1_fp16.safetensors|
hf|Kijai/MiniMax-H3-TAE|vae_approx/taeh3.safetensors|vae_approx/taeh3.safetensors|
hf|silveroxides/MiniMax-H3_tests|minimax_h3_fl2v_turbo_silver_dareties_comfy_pruned_v1.safetensors|loras/MINIMAX/minimax_h3_fl2v_turbo_silver_dareties_comfy_pruned_v1.safetensors|
hf|lightx2v/Minimax-h3-Turbo|minimax_h3_fl2v_turbo_8step_v1.0_768p_comfyui_bf16.safetensors|loras/minimax_h3_fl2v_turbo_8step_v1.0_768p_comfyui_bf16.safetensors|
hf|lightx2v/Minimax-h3-Turbo|minimax_h3_ref2v_turbo_8step_v1.0_768p_comfyui_bf16.safetensors|loras/MINIMAX/Turbo/minimax_h3_ref2v_turbo_8step_v1.0_768p_comfyui_bf16.safetensors|
hf|Comfy-Org/MiniMax-H3|loras/minimax_h3_ref2v_turbo_4step_v0.1_comfyui_bf16.safetensors|loras/minimax_h3_ref2v_turbo_4step_v0.1_comfyui_bf16.safetensors|
hf|fal/MiniMax-H3-Realism-People-LoRA|h3-realism-people-t2v-i2v-r2v.safetensors|loras/MINIMAX/Skin/h3-realism-people-t2v-i2v-r2v.safetensors|
hf|gravedigga/loras|mvmt_h3_lora_v1_500.safetensors|loras/MINIMAX/Camera/Minimax_better_motion_h3_lora_v1_500.safetensors|
hf|larryvrh/MiniMax-H3-Turbo-Lora|minimax_h3_turbo_v4_step600_ema.safetensors|loras/MINIMAX/Turbo/minimax_h3_turbo_v4_step600_ema.safetensors|
url|https://huggingface.co/buckets/aronzhan/H3-Loras-bucket/resolve/MysticXXX_MMH3-V4-ref2va.safetensors?download=true|loras/MINIMAX/Skin/MysticXXX_MMH3-V4-ref2va.safetensors||
hf|Comfy-Org/MiniMax-H3|model_patches/minimax_h3_fun_controlnet_union_pruned_int8_convrot.safetensors|model_patches/minimax_h3_fun_controlnet_union_pruned_int8_convrot.safetensors|
hf|Comfy-Org/SDPose|diffusion_models/rt_detr_v4-x-hgnet_fp16.safetensors|diffusion_models/rt_detr_v4-x-hgnet_fp16.safetensors|
hf|Comfy-Org/SDPose|checkpoints/sdpose_wholebody_fp16.safetensors|checkpoints/sdpose_wholebody_fp16.safetensors|
hf|Bingsu/adetailer|face_yolov8m.pt|ultralytics/bbox/face_yolov8m.pt|
hf|Bingsu/adetailer|person_yolov8m-seg.pt|ultralytics/segm/person_yolov8m-seg.pt|
hf|Kijai/MiniMax-H3-experimental|loras/minimax_h3_DMAD_4step_full_lora_avg_rank_39_bf16.safetensors|loras/MINIMAX/minimax_h3_DMAD_4step_full_lora_avg_rank_39_bf16.safetensors|1db9d50082f491fb5b2fbbee7499fb93e9190c51
hf|WarmBloodAban/Minimax-h3_Singularity|Minimax-h3_Singularity_ref2va_Pruned_v1.3_int8.safetensors|diffusion_models/Minimax-h3_Singularity_ref2va_Pruned_v1.3_int8.safetensors|4150ff97bee625ce9c49488ed2cc65e4b99bf8da
hf|akatz-ai/MiniMax-H3-Character-Swap-LoRA|h3_character_swap_pro4500_1000.safetensors|loras/MINIMAX/Swap/h3_character_swap_pro4500_1000.safetensors|62407e0cc8089c363abd9ce4b0b27662abb237af
hf|pablodawson/MiniMax-H3-360-Orbit-LoRA|minimax_h3_flf2v_lora_v1.safetensors|loras/MINIMAX/Camera/minimax_h3_flf2v_360_orbit_v1.safetensors|5ddbc2dbbe95edbbdaf5017c3e934b1d01791697
hf|JunhaoZhuang/FlashVSR-v1.1|LQ_proj_in.ckpt|FlashVSR/LQ_proj_in.ckpt|27561b186ded3402d7c975f4fd722e2885b6135f
hf|JunhaoZhuang/FlashVSR-v1.1|TCDecoder.ckpt|FlashVSR/TCDecoder.ckpt|27561b186ded3402d7c975f4fd722e2885b6135f
hf|JunhaoZhuang/FlashVSR-v1.1|diffusion_pytorch_model_streaming_dmd.safetensors|FlashVSR/diffusion_pytorch_model_streaming_dmd.safetensors|27561b186ded3402d7c975f4fd722e2885b6135f
hf|JunhaoZhuang/FlashVSR-v1.1|Wan2.1_VAE.pth|vae/Wan2.1_VAE.pth|27561b186ded3402d7c975f4fd722e2885b6135f
hf|Alissonerdx/Minimax-H3-ComfyUI|latent_upscaler/h3_upscaler_lms_v0.1_fp32.safetensors|latent_upscale_models/h3_upscaler_lms_v0.1_fp32.safetensors|849fb3d4f434f2e9b4a4d4f7253471bf5e6719f9
url|https://raw.githubusercontent.com/OpenImagingLab/FlashVSR/cf910c61a60733e610e9c6e8b607f80c3a6c202b/examples/WanVSR/prompt_tensor/posi_prompt.pth|FlashVSR/posi_prompt.pth
